-- MySQL Script generated by MySQL Workbench
-- Sun Feb 21 17:19:06 2021
-- Model: New Model    Version: 1.0
-- MySQL Workbench Forward Engineering

SET @OLD_UNIQUE_CHECKS=@@UNIQUE_CHECKS, UNIQUE_CHECKS=0;
SET @OLD_FOREIGN_KEY_CHECKS=@@FOREIGN_KEY_CHECKS, FOREIGN_KEY_CHECKS=0;
SET @OLD_SQL_MODE=@@SQL_MODE, SQL_MODE='ONLY_FULL_GROUP_BY,STRICT_TRANS_TABLES,NO_ZERO_IN_DATE,NO_ZERO_DATE,ERROR_FOR_DIVISION_BY_ZERO,NO_ENGINE_SUBSTITUTION';

-- -----------------------------------------------------
-- Schema pad19b
-- -----------------------------------------------------
DROP SCHEMA IF EXISTS `pad19b` ;

-- -----------------------------------------------------
-- Schema pad19b
-- -----------------------------------------------------
CREATE SCHEMA IF NOT EXISTS `pad19b` DEFAULT CHARACTER SET utf8 ;
SHOW WARNINGS;
USE `pad19b` ;

-- -----------------------------------------------------
-- Table `pad19b`.`petstore`
-- -----------------------------------------------------
DROP TABLE IF EXISTS `pad19b`.`petstore` ;

SHOW WARNINGS;
CREATE TABLE IF NOT EXISTS `pad19b`.`petstore` (
  `pst_id` SMALLINT NOT NULL AUTO_INCREMENT,
  `pst_name` VARCHAR(30) NOT NULL,
  `pst_street` VARCHAR(30) NOT NULL,
  `pst_city` VARCHAR(30) NOT NULL,
  `pst_state` CHAR(2) NOT NULL,
  `pst_zip` INT(5) NOT NULL,
  `pst_phone` BIGINT NOT NULL,
  `pst_email` VARCHAR(100) NOT NULL,
  `pet_url` VARCHAR(100) NOT NULL,
  `pst_ytd_sales` DECIMAL(10,2) NOT NULL,
  `pst_notes` VARCHAR(255) NULL,
  PRIMARY KEY (`pst_id`))
ENGINE = InnoDB;

SHOW WARNINGS;

-- -----------------------------------------------------
-- Table `pad19b`.`customer`
-- -----------------------------------------------------
DROP TABLE IF EXISTS `pad19b`.`customer` ;

SHOW WARNINGS;
CREATE TABLE IF NOT EXISTS `pad19b`.`customer` (
  `cus_id` SMALLINT NOT NULL AUTO_INCREMENT,
  `cus_fname` VARCHAR(15) NOT NULL,
  `cus_lname` VARCHAR(30) NOT NULL,
  `cus_street` VARCHAR(30) NOT NULL,
  `cus_city` VARCHAR(30) NOT NULL,
  `cus_state` CHAR(2) NOT NULL,
  `cus_zip` INT(5) NOT NULL,
  `cus_phone` BIGINT NOT NULL,
  `cus_email` VARCHAR(100) NOT NULL,
  `cus_balance` DECIMAL(6,2) NOT NULL,
  `cus_total_sales` DECIMAL(6,2) NOT NULL,
  `cus_notes` VARCHAR(255) NULL,
  PRIMARY KEY (`cus_id`))
ENGINE = InnoDB;

SHOW WARNINGS;

-- -----------------------------------------------------
-- Table `pad19b`.`pet`
-- -----------------------------------------------------
DROP TABLE IF EXISTS `pad19b`.`pet` ;

SHOW WARNINGS;
CREATE TABLE IF NOT EXISTS `pad19b`.`pet` (
  `pet_id` SMALLINT NOT NULL AUTO_INCREMENT,
  `pst_id` SMALLINT NOT NULL,
  `cus_id` SMALLINT NULL,
  `pet_type` VARCHAR(45) NOT NULL,
  `pet_sex` ENUM('m', 'f') NOT NULL,
  `pet_cost` DECIMAL(6,2) NOT NULL,
  `pet_price` DECIMAL(6,2) NOT NULL,
  `pet_age` TINYINT NOT NULL,
  `pet_color` VARCHAR(30) NOT NULL,
  `pet_sale_date` DATE NULL,
  `pet_vaccine` ENUM('y', 'n') NOT NULL,
  `pet_neuter` ENUM('y', 'n') NOT NULL,
  `pet_notes` VARCHAR(255) NULL,
  PRIMARY KEY (`pet_id`),
  INDEX `fk_pet_petstore_idx` (`pst_id` ASC) VISIBLE,
  INDEX `fk_pet_customer1_idx` (`cus_id` ASC) VISIBLE,
  CONSTRAINT `fk_pet_petstore`
    FOREIGN KEY (`pst_id`)
    REFERENCES `pad19b`.`petstore` (`pst_id`)
    ON DELETE NO ACTION
    ON UPDATE NO ACTION,
  CONSTRAINT `fk_pet_customer1`
    FOREIGN KEY (`cus_id`)
    REFERENCES `pad19b`.`customer` (`cus_id`)
    ON DELETE NO ACTION
    ON UPDATE NO ACTION)
ENGINE = InnoDB;

SHOW WARNINGS;

SET SQL_MODE=@OLD_SQL_MODE;
SET FOREIGN_KEY_CHECKS=@OLD_FOREIGN_KEY_CHECKS;
SET UNIQUE_CHECKS=@OLD_UNIQUE_CHECKS;

-- -----------------------------------------------------
-- Data for table `pad19b`.`petstore`
-- -----------------------------------------------------
START TRANSACTION;
USE `pad19b`;
INSERT INTO `pad19b`.`petstore` (`pst_id`, `pst_name`, `pst_street`, `pst_city`, `pst_state`, `pst_zip`, `pst_phone`, `pst_email`, `pet_url`, `pst_ytd_sales`, `pst_notes`) VALUES (1, 'Petco', '123-1037 Vel Av.', 'Dublin', 'CT', 99451, 3668810564, 'mus@tempusmauriserat.com', 'www.petco.com', 1145, '');
INSERT INTO `pad19b`.`petstore` (`pst_id`, `pst_name`, `pst_street`, `pst_city`, `pst_state`, `pst_zip`, `pst_phone`, `pst_email`, `pet_url`, `pst_ytd_sales`, `pst_notes`) VALUES (2, 'Dogco', '1728 Varius St.', 'Berlin', 'NY', 52599, 9547481361, 'elit.pede.malesuada@erat.edu', 'www.godco.com', 5378, '');
INSERT INTO `pad19b`.`petstore` (`pst_id`, `pst_name`, `pst_street`, `pst_city`, `pst_state`, `pst_zip`, `pst_phone`, `pst_email`, `pet_url`, `pst_ytd_sales`, `pst_notes`) VALUES (3, 'Catco', '5923 Mi Road', 'Vienna', 'CA', 52174, 7274556884, 'mi@mi.edu', 'www.catco.com', 2966, '');
INSERT INTO `pad19b`.`petstore` (`pst_id`, `pst_name`, `pst_street`, `pst_city`, `pst_state`, `pst_zip`, `pst_phone`, `pst_email`, `pet_url`, `pst_ytd_sales`, `pst_notes`) VALUES (4, 'Fishco', '125-6242 Porttitor Street', 'Berlin', 'NT', 66055, 5531115545, 'pretium@leoCrasvehicula.co.uk', 'www.fishcho.com', 1644, '');
INSERT INTO `pad19b`.`petstore` (`pst_id`, `pst_name`, `pst_street`, `pst_city`, `pst_state`, `pst_zip`, `pst_phone`, `pst_email`, `pet_url`, `pst_ytd_sales`, `pst_notes`) VALUES (5, 'Animal', '5497 Blandit. Road', 'Winnipeg', 'WI', 52849, 5497786649, 'arcu.Vestibulum.ut@ante.net', 'www.animal.com', 4680, '');
INSERT INTO `pad19b`.`petstore` (`pst_id`, `pst_name`, `pst_street`, `pst_city`, `pst_state`, `pst_zip`, `pst_phone`, `pst_email`, `pet_url`, `pst_ytd_sales`, `pst_notes`) VALUES (6, 'FurFriend', '281 Quam Ave', 'Bhilai', 'MT', 66558, 5513345567, 'urna.convallis@semperpretium.ca', 'www.furfriend.com', 5680, '');
INSERT INTO `pad19b`.`petstore` (`pst_id`, `pst_name`, `pst_street`, `pst_city`, `pst_state`, `pst_zip`, `pst_phone`, `pst_email`, `pet_url`, `pst_ytd_sales`, `pst_notes`) VALUES (7, 'DiscountPets', '1816 Suspendisse St.', 'Hulst', 'MA', 12639, 1156675579, 'lorem@massarutrummagna.com', 'www.discountpets.com', 927, '');
INSERT INTO `pad19b`.`petstore` (`pst_id`, `pst_name`, `pst_street`, `pst_city`, `pst_state`, `pst_zip`, `pst_phone`, `pst_email`, `pet_url`, `pst_ytd_sales`, `pst_notes`) VALUES (8, 'BuyAnimal', '198-1636 Nec Road', 'Tehual', 'OK', 35890, 5567789945, 'Morbi@tempusloremfringilla.co.uk', 'www.buyanimal.com', 2731, '');
INSERT INTO `pad19b`.`petstore` (`pst_id`, `pst_name`, `pst_street`, `pst_city`, `pst_state`, `pst_zip`, `pst_phone`, `pst_email`, `pet_url`, `pst_ytd_sales`, `pst_notes`) VALUES (9, 'Amazon', '5118 Condimentum. St.', 'Vienna', 'CA', 52174, 1156649975, 'Sed.nec@adipiscingligulaAenean.ca', 'www.amazon.com', 668, '');
INSERT INTO `pad19b`.`petstore` (`pst_id`, `pst_name`, `pst_street`, `pst_city`, `pst_state`, `pst_zip`, `pst_phone`, `pst_email`, `pet_url`, `pst_ytd_sales`, `pst_notes`) VALUES (10, 'BestBuy', '563-7723 Tincidunt, Rd.', 'Gangneung', 'FL', 60812, 1156649983, 'auctor.ullamcorper@magna.co.uk', 'www.bestbuy.com', 9472, '');

COMMIT;


-- -----------------------------------------------------
-- Data for table `pad19b`.`customer`
-- -----------------------------------------------------
START TRANSACTION;
USE `pad19b`;
INSERT INTO `pad19b`.`customer` (`cus_id`, `cus_fname`, `cus_lname`, `cus_street`, `cus_city`, `cus_state`, `cus_zip`, `cus_phone`, `cus_email`, `cus_balance`, `cus_total_sales`, `cus_notes`) VALUES (1, 'Dan', 'Schinder', '125 E Went St', 'Portland', 'OR', 55789, 5594467778, 'dschinder@gmail.com', 9000, 850, '');
INSERT INTO `pad19b`.`customer` (`cus_id`, `cus_fname`, `cus_lname`, `cus_street`, `cus_city`, `cus_state`, `cus_zip`, `cus_phone`, `cus_email`, `cus_balance`, `cus_total_sales`, `cus_notes`) VALUES (2, 'Charlie', 'Chris', '159 S 14st St', 'Tampa', 'FL', 32402, 5594435518, 'cchris@aol.com', 9000, 6650, '');
INSERT INTO `pad19b`.`customer` (`cus_id`, `cus_fname`, `cus_lname`, `cus_street`, `cus_city`, `cus_state`, `cus_zip`, `cus_phone`, `cus_email`, `cus_balance`, `cus_total_sales`, `cus_notes`) VALUES (3, 'Sam', 'Baggins', '5587 E Andrews Blv', 'Ft. Lauderdale', 'FL', 33301, 5558135467, 'sbaggins@comcast.com', 9000, 5515, '');
INSERT INTO `pad19b`.`customer` (`cus_id`, `cus_fname`, `cus_lname`, `cus_street`, `cus_city`, `cus_state`, `cus_zip`, `cus_phone`, `cus_email`, `cus_balance`, `cus_total_sales`, `cus_notes`) VALUES (4, 'Megan', 'Fox', '558 Ocala St', 'Tallahassee', 'FL', 32310, 6362561357, 'mfox@gmail.com', 9000, 1515.1, '');
INSERT INTO `pad19b`.`customer` (`cus_id`, `cus_fname`, `cus_lname`, `cus_street`, `cus_city`, `cus_state`, `cus_zip`, `cus_phone`, `cus_email`, `cus_balance`, `cus_total_sales`, `cus_notes`) VALUES (5, 'Tony', 'Soprano', '587 W Tennessee St', 'Tallahassee', 'FL', 32310, 8376435761, 'tsoprano@yahoo.com', 9000, 1234, '');
INSERT INTO `pad19b`.`customer` (`cus_id`, `cus_fname`, `cus_lname`, `cus_street`, `cus_city`, `cus_state`, `cus_zip`, `cus_phone`, `cus_email`, `cus_balance`, `cus_total_sales`, `cus_notes`) VALUES (6, 'Beth', 'Cox', '8897 Belgrand Ave', 'Tallahassee', 'FL', 32310, 2813465214, 'bcox@hotmil.com', 9000, 556, '');
INSERT INTO `pad19b`.`customer` (`cus_id`, `cus_fname`, `cus_lname`, `cus_street`, `cus_city`, `cus_state`, `cus_zip`, `cus_phone`, `cus_email`, `cus_balance`, `cus_total_sales`, `cus_notes`) VALUES (7, 'Don', 'Robinson', '159 Springdale Cir', 'Tampa', 'FL', 32402, 5428702241, 'drobinson@comcast.com', 9000, 889, '');
INSERT INTO `pad19b`.`customer` (`cus_id`, `cus_fname`, `cus_lname`, `cus_street`, `cus_city`, `cus_state`, `cus_zip`, `cus_phone`, `cus_email`, `cus_balance`, `cus_total_sales`, `cus_notes`) VALUES (8, 'Ben', 'Robinson', '885 Polombo Way', 'Tallahassee', 'FL', 32310, 6938721138, 'brobinson@hotmail.com', 9000, 557, '');
INSERT INTO `pad19b`.`customer` (`cus_id`, `cus_fname`, `cus_lname`, `cus_street`, `cus_city`, `cus_state`, `cus_zip`, `cus_phone`, `cus_email`, `cus_balance`, `cus_total_sales`, `cus_notes`) VALUES (9, 'Patrick', 'Swazy', '459 Georgia Ave', 'Atlanta', 'GA', 55647, 5276886313, 'pswazy@yahoo.com', 900, 669, '');
INSERT INTO `pad19b`.`customer` (`cus_id`, `cus_fname`, `cus_lname`, `cus_street`, `cus_city`, `cus_state`, `cus_zip`, `cus_phone`, `cus_email`, `cus_balance`, `cus_total_sales`, `cus_notes`) VALUES (10, 'Karen', 'Kierny', '594 Casa St', 'Tallahassee', 'FL', 32310, 8591914582, 'kkierny@gmail.com', 900, 559, '');

COMMIT;


-- -----------------------------------------------------
-- Data for table `pad19b`.`pet`
-- -----------------------------------------------------
START TRANSACTION;
USE `pad19b`;
INSERT INTO `pad19b`.`pet` (`pet_id`, `pst_id`, `cus_id`, `pet_type`, `pet_sex`, `pet_cost`, `pet_price`, `pet_age`, `pet_color`, `pet_sale_date`, `pet_vaccine`, `pet_neuter`, `pet_notes`) VALUES (1, 1, 1, 'Fish', 'm', 2.52, 2.52, 2, 'blue', '2021-02-19', 'y', 'y', '');
INSERT INTO `pad19b`.`pet` (`pet_id`, `pst_id`, `cus_id`, `pet_type`, `pet_sex`, `pet_cost`, `pet_price`, `pet_age`, `pet_color`, `pet_sale_date`, `pet_vaccine`, `pet_neuter`, `pet_notes`) VALUES (2, 1, 1, 'Bird', 'm', 152.52, 152.52, 25, 'red', '2021-02-19', 'y', 'y', '');
INSERT INTO `pad19b`.`pet` (`pet_id`, `pst_id`, `cus_id`, `pet_type`, `pet_sex`, `pet_cost`, `pet_price`, `pet_age`, `pet_color`, `pet_sale_date`, `pet_vaccine`, `pet_neuter`, `pet_notes`) VALUES (3, 1, 2, 'Dog', 'm', 252.26, 252.26, 7, 'black', '2021-02-19', 'y', 'y', '');
INSERT INTO `pad19b`.`pet` (`pet_id`, `pst_id`, `cus_id`, `pet_type`, `pet_sex`, `pet_cost`, `pet_price`, `pet_age`, `pet_color`, `pet_sale_date`, `pet_vaccine`, `pet_neuter`, `pet_notes`) VALUES (4, 2, 2, 'Cat', 'f', 302.02, 302.02, 5, 'white', '2021-02-19', 'y', 'y', '');
INSERT INTO `pad19b`.`pet` (`pet_id`, `pst_id`, `cus_id`, `pet_type`, `pet_sex`, `pet_cost`, `pet_price`, `pet_age`, `pet_color`, `pet_sale_date`, `pet_vaccine`, `pet_neuter`, `pet_notes`) VALUES (5, 2, 3, 'Jaguar', 'f', 1200.23, 1200.23, 12, 'spotted', '2021-02-19', 'y', 'y', '');
INSERT INTO `pad19b`.`pet` (`pet_id`, `pst_id`, `cus_id`, `pet_type`, `pet_sex`, `pet_cost`, `pet_price`, `pet_age`, `pet_color`, `pet_sale_date`, `pet_vaccine`, `pet_neuter`, `pet_notes`) VALUES (6, 2, 3, 'Lion', 'f', 1300.23, 1300.23, 13, 'golden', '2021-02-19', 'y', 'y', '');
INSERT INTO `pad19b`.`pet` (`pet_id`, `pst_id`, `cus_id`, `pet_type`, `pet_sex`, `pet_cost`, `pet_price`, `pet_age`, `pet_color`, `pet_sale_date`, `pet_vaccine`, `pet_neuter`, `pet_notes`) VALUES (7, 3, 4, 'Bat', 'm', 525.58, 525.58, 27, 'black', '2021-02-19', 'y', 'y', '');
INSERT INTO `pad19b`.`pet` (`pet_id`, `pst_id`, `cus_id`, `pet_type`, `pet_sex`, `pet_cost`, `pet_price`, `pet_age`, `pet_color`, `pet_sale_date`, `pet_vaccine`, `pet_neuter`, `pet_notes`) VALUES (8, 3, 4, 'Anteater', 'm', 750.56, 750.56, 7, 'sand', '2021-02-19', 'y', 'y', '');
INSERT INTO `pad19b`.`pet` (`pet_id`, `pst_id`, `cus_id`, `pet_type`, `pet_sex`, `pet_cost`, `pet_price`, `pet_age`, `pet_color`, `pet_sale_date`, `pet_vaccine`, `pet_neuter`, `pet_notes`) VALUES (9, 3, 5, 'Dolphin', 'm', 5123.56, 5123.56, 15, 'grey', '2021-02-19', 'y', 'y', '');
INSERT INTO `pad19b`.`pet` (`pet_id`, `pst_id`, `cus_id`, `pet_type`, `pet_sex`, `pet_cost`, `pet_price`, `pet_age`, `pet_color`, `pet_sale_date`, `pet_vaccine`, `pet_neuter`, `pet_notes`) VALUES (10, 3, 5, 'Orangutan', 'f', 8009.25, 8009.25, 9, 'orange', '2021-02-19', 'y', 'y', '');

COMMIT;

